CarNumber,SURNAME
Y351O8197RUS,RICHARDSON
H917TC36RUS,ROSS
C589EY154RUS,MORGAN
K846YE77RUS,BAILEY
X4108H125RUS,LOPEZ
K2807K154RUS,HOWARD
T395KX197RUS,NELSON
7065C8197RUS,WRIGHT
Y275O8197RUS,RIVERA
9469EX178RUS,REYES
K040CC197RUS,PARKER
M0269X197RUS,KING
T6129O50RUS,NGUYEN
T6329O50RUS,LOPEZ
7827C8197RUS,SMITH
8611T8154RUS,MYERS
7831C8197RUS,DIAZ
K329T8197RUS,ROBINSON
X015HY197RUS,MORGAN
M580CH197RUS,JONES
O68897197RUS,BAKER
7066C8197RUS,CRUZ
T914CT197RUS,RAMOS
O421OT161RUS,MARTINEZ
T242H8197RUS,MORGAN
92828M178RUS,WRIGHT
K559KC161RUS,LOPEZ
Y7709C197RUS,MITCHELL
K558KC161RUS,BAKER
83218C154RUS,RUIZ
7147OE161RUS,HOWARD
8166XX154RUS,WALKER
8436XX154RUS,HERNANDEZ
9468EX178RUS,CHAVEZ
H004MH197RUS,SANDERS
Y7449Y50RUS,COOK
9589EY178RUS,BENNETT
92928M178RUS,SMITH
T476KX197RUS,TURNER
92918M178RUS,GRAY
Y973O8197RUS,CAMPBELL
E53277152RUS,RUIZ
T6319O50RUS,ADAMS
M581CH197RUS,BAKER
Y358O8197RUS,RAMIREZ
O058M7161RUS,MORRIS
X023HY197RUS,YOUNG
7199MT197RUS,BAILEY
O02597197RUS,ROBINSON
X757HY197RUS,GUTIERREZ
9498KX178RUS,GUTIERREZ
Y4298M777RUS,ROBINSON
Y7129Y50RUS,GARCIA
Y354O8197RUS,HARRIS
E40577152RUS,TURNER
H387TM197RUS,HARRIS
Y7719C197RUS,PARKER
K330T8197RUS,GARCIA
X286TC36RUS,ROSS
Y156E877RUS,MITCHELL
O752MX161RUS,PETERSON
T017OX197RUS,REED
T940CC96RUS,HERNANDEZ
O481OH77RUS,BROWN
99209X178RUS,MURPHY
Y6829Y50RUS,MARTINEZ
E5878M777RUS,WHITE
E40877152RUS,FOSTER
C313MM99RUS,GARCIA
H234YH197RUS,PATEL
T171CC96RUS,GARCIA
84438C154RUS,WARD
C58078163RUS,ROGERS
X255HE161RUS,LONG
T399KX197RUS,JIMENEZ
H889YK197RUS,BAKER
M701T9152RUS,KIM
8605T8154RUS,CRUZ
E432XX77RUS,JIMENEZ
9942KK197RUS,WILSON
Y780EE197RUS,BAILEY
H219X836RUS,HILL
Y273O8197RUS,MARTINEZ
94178K154RUS,WILSON
E811HE77RUS,MORRIS
Y353O8197RUS,COOPER
Y650E8750RUS,YOUNG
X786CO96RUS,ALLEN
Y388E877RUS,MENDOZA
T6439O50RUS,ALLEN
E0697X152RUS,GONZALEZ
C515X938RUS,HERNANDEZ
Y7689C197RUS,HARRIS
Y966O8197RUS,HALL
O39897197RUS,PETERSON
Y7699C197RUS,TAYLOR
M589CH197RUS,RIVERA
O085E8197RUS,WATSON
Y038E877RUS,TORRES
7844C8197RUS,SANCHEZ
92788M178RUS,PHILLIPS
7164YM36RUS,ALLEN
H968HY161RUS,PEREZ
O78097197RUS,ROSS
K338T8197RUS,HERNANDEZ
9398MM199RUS,MARTIN
T018OX197RUS,HERNANDEZ
96629X178RUS,CASTILLO
C412X938RUS,CASTILLO
C477M7161RUS,RODRIGUEZ
9523M8178RUS,MORALES
Y8259C197RUS,HUGHES
7370C8197RUS,TAYLOR
C419X938RUS,SANCHEZ
H232YH197RUS,RICHARDSON
Y163O8161RUS,GREEN
Y305E877RUS,ANDERSON
8226XX154RUS,WHITE
73467Y96RUS,JAMES
7784KT197RUS,LEWIS
9499KX178RUS,WARD
9470EX178RUS,FOSTER
X767HY197RUS,PEREZ
Y352O8197RUS,JONES
Y963O8197RUS,ALLEN
K379HY161RUS,WARD
708487163RUS,RUIZ
H982HY161RUS,NGUYEN
M741T9152RUS,GARCIA
Y232E877RUS,HOWARD
T016OX197RUS,CARTER
Y7649C197RUS,RICHARDSON
97987H178RUS,PRICE
Y964O8197RUS,GRAY
934497178RUS,COOPER
OWNONLY1RUS,SMITH
OWNONLY2RUS,JOHNSON
OWNONLY3RUS,BROWN
